Var1,discounts_export
02-Feb-2024,0.968377090211137
03-Feb-2025,0.938890659623013
02-Feb-2026,0.914635391847868
02-Feb-2027,0.891635130393799
